Category,Price
Liquid Gold Ayurvedic Beauty Oil,9.00
"Organic Face Oil, with Rosehip Oil for Sensitive Skin",23.00
REPAIR | Organic Facial Serum with Moringa + Tamanu,23.99
Aloe Vera Hydrating Skin Face Cream / Hydrating Skin Cream / Signature Scented Geranium Essential Oil or Unscented,29.99
Cleansing Oil | Organic | Calendula | Face Cleanser,9.00
Magic Face Oil - Nourishing & Moisturizing Face Oil for all skin types,18.00
"Organic Rosehip Oil | Facial Oil for Dry, Sensitive, or Mature Skin | Unscented | 1 oz",8.25
"Organic Face Oil, Acne Spot, Argan Face Serum Oil , All Natural, Deep Moisturizer, Night Serum, Essential Oil",12.00
"Rose Infused Face Oil, Acne Spot Reducing, Herbal Infused Face Serum , Natural Anti Aging Night Oil, Rose Face Treatment Natural Oils, 1 OZ",14.39
Magic Face Oil,23.99
"Vitamin C + Papaya Seed Facial Oil | For All Skin Types | Brightens Dark Spots, Evens Tone | Organic, Eco Friendly, Sustainable Skincare",29.99
"Turmeric Purifying facial oil & Vitamin C (Skin Moisturizer, Blemishes, Dark spots, wrinkles, inflammation, Turmeric oil)",9.00
Retinol Glow Oil - Hydrate Oil - Face Oil - Facial Oil - Natural Skincare - Vegan Skin Care - Zero Waste Skin,34.00
"Organic Acne Prone Skin Daily Moisturizer -Raw, Vegan/ Extra strength/ Face oil/ Face Cleansing Oil.",12.79
Organic Face Oil with Prickly Pear Oil // Anti-Aging Facial Oil Brigtening Facial Serum Vegan Moisturizer Organic Skincare Vegan Beauty,15.99
"Unforgettable Romance, Body Oil, Makeup Remover, Moisturizing Oil, Massage Oil, Cuticle Oil, Face Oil, Floral Body Oil, Gardenia",24.95
"Anti Aging Face Oil, Reiki Infused Moon Goddess Radiance Face Oil Cold Press, Vegan Facial Oil, Beauty Oil,Blue Tansy, Jojoba, Avocado Oil",34.00
"WILD JASMINE Vegan Organic Moisturizing Face Oil, Hydrating Non-Comedogenic Face Serum For Dry Mature irritated Skin, Nourishing Face Food",38.00
Rose Glow Oil,6.50
Ros√© Facial Oil,13.00
BLUE TANSY Vegan Organic Moisturizing Face Oil. Hydrating Non-Comedogenic Face Serum. Dry Mature Skin Nourishing Facial oil. Food Your Skin,28.05
"Provence Beauty Rose Multi-Use Oil for Face, Body and Hair - Organic Blend of Apricot, Vitamin E and Sweet Almond Oil 4 Fl Oz",33.00
fourleaf all natural moisturizing face oil (2 oz),19.00
2oz Rose infused Glow serum | face and body| moisturizer|Acne prevention,23.00
"Organic Anti-aging Face Oil- Raw, Vegan, Very high in antioxidants, tightens skin, diminish age spots and wrinkles.",6.00
Wake N Bake - Squalane + Prickly Pear + Green Coffee - Puffy Eye Serum - Pressed Serum - Natural Skincare - Zero Waste - Hemp Oil Infused,7.00
Tea Tree Oil for Face,5.00
"Natural Skincare Kit for All Skin Types - Face Oil Serum, Mist Spray, Scrub Set - Moisturizer, Anti Aging, Exfoliating, Sensitive Safe",6.00
"THE WARRIOR - Antiaging Face Oil, Organic Beauty Oil, Antiaging Serum, Wrinkle Serum",13.95
Rose Face Oil | Nourishing Face Oil,12.60
Rose oil - Rose infused Multiuse oil for Hair Skin and Nails . 4fl oz. / 120ml,10.00
Glow Body Oil,18.25
Give Me Face ~ Face Serum,24.95
"Organic Oils Face Serum,",6.36
"Vitamin C Serum - brighten your skin, improve radiance",69.00
High Quality Unrefined Rosehip Oil Cold Pressed Organic Virgin Rose Hip,69.00
The Cure Face Oil / Serum / with infused botanicals and anti aging oils,8.00
"Organic Rosehip Oil, Unrefined, Cold Pressed, 100% Pure, Anti-Aging Moisturizer",18.00
Face Oil: Rosehip+Marula+Sea buckthorn Oil for Dry/Sensitive/Acne-prone/Normal Skin,10.99
"Rice Bran oil Face Cleansing Oil for Dry, Sensitive skin - Hypoallergenic, Gluten free, Vegan, 200ml",12.00
"Chaga Cream - Anti-aging Organic Shea Butter Moisturizer for face, hands and body with wild harvested Chaga Mushrooms and Frankincense",13.99
Glowing Skin Face & Body Oil,9.98
"Face Glow Illuminating Face Oil, Primer, & Brightener | Natural Ingredients",6.00
Healing Face Oil,7.90
"Blue Tansy + Squalane Facial Oil | For Sensitive Skin | Soothes Redness, Calms Irritated Skin | Organic, Eco Friendly, Sustainable Skincare",32.00
Nourishing Facial Oil,12.95
"Face Wash, Turmeric & Raw Manuka Honey, cleanser, organic skincare, Acne Treatment, All Natural,",22.29
"Natural Anti-Aging & Wrinkle Face Serum, MSM + Tamanu + Pomegranate Oil, Omni Face Serum, Clean Beauty Elixir",33.00
LUCID Facial Oil - Face Moisturizer with Acne and Oily Skin In Mind,23.00
"Vegan Hair Removal,Facial Hair Removal,Natural Hair Removal,Hair Growth Inhibitor,Ingrown Hair Serum,Dark Spot Remover,Pcos Hair",14.00
Aphrodites Virtue Rosehip Facial Serum| Organic Rose Face oil |Vitamin C serum| Glowing skin night serum| Sebuckthorn oil for face|Rose Oil,18.75
"Organic Tumeric Glow Face-N-Body Oil, cleansing oil, Facial serum, lightening oil, Brightening oil, Turmeric Face oil, face Brightener",25.00
"Severe Acne, Blemishes and Uneven Skin Tone, Dark Spots Remover, Baby Face Oil Is All Natural And Plant Based",20.99
BOTANICAL FACE SERUM | Handmade with Organic Ingredients | Restorative /Acne Fighting / Balancing / Moisturizing,29.99
Average Price,14.719722222222224
